index	trait	description
0	accessory	accessory-1n
1	accessory	accessory-aardvark
2	accessory	accessory-axe
3	accessory	accessory-belly-chameleon
4	accessory	accessory-bird-flying
5	accessory	accessory-bird-side
6	accessory	accessory-bling-anchor
7	accessory	accessory-bling-anvil
8	accessory	accessory-bling-arrow
9	accessory	accessory-bling-cheese
10	accessory	accessory-bling-gold-ingot
11	accessory	accessory-bling-love
12	accessory	accessory-bling-mask
13	accessory	accessory-bling-rings
14	accessory	accessory-bling-scissors
15	accessory	accessory-bling-sparkles
16	accessory	accessory-body-gradient-checkerdisco
17	accessory	accessory-body-gradient-dawn
18	accessory	accessory-body-gradient-dusk
19	accessory	accessory-body-gradient-glacier
20	accessory	accessory-body-gradient-ice
21	accessory	accessory-body-gradient-pride
22	accessory	accessory-body-gradient-redpink
23	accessory	accessory-body-gradient-sunset
24	accessory	accessory-carrot
25	accessory	accessory-chain-logo
26	accessory	accessory-checker-RGB
27	accessory	accessory-checker-bigwalk-blue-prime
28	accessory	accessory-checker-bigwalk-greylight
29	accessory	accessory-checker-bigwalk-rainbow
30	accessory	accessory-checker-spaced-black
31	accessory	accessory-checker-spaced-white
32	accessory	accessory-checker-vibrant
33	accessory	accessory-checkers-big-green
34	accessory	accessory-checkers-big-red-cold
35	accessory	accessory-checkers-black
36	accessory	accessory-checkers-blue
37	accessory	accessory-checkers-magenta-80
38	accessory	accessory-chicken
39	accessory	accessory-cloud
40	accessory	accessory-clover
41	accessory	accessory-collar-sunset
42	accessory	accessory-cow
43	accessory	accessory-decay-gray-dark
44	accessory	accessory-decay-pride
45	accessory	accessory-dinosaur
46	accessory	accessory-dollar-bling
47	accessory	accessory-dragon
48	accessory	accessory-ducky
49	accessory	accessory-eth
50	accessory	accessory-eye
51	accessory	accessory-flash
52	accessory	accessory-fries
53	accessory	accessory-glasses-logo-sun
54	accessory	accessory-glasses-logo
55	accessory	accessory-glasses
56	accessory	accessory-grid-simple-bege
57	accessory	accessory-heart
58	accessory	accessory-hoodiestrings-uneven
59	accessory	accessory-id
60	accessory	accessory-infinity
61	accessory	accessory-insignia
62	accessory	accessory-leaf
63	accessory	accessory-lightbulb
64	accessory	accessory-lines-45-greens
65	accessory	accessory-lines-45-rose
66	accessory	accessory-lp
67	accessory	accessory-marsface
68	accessory	accessory-matrix-white
69	accessory	accessory-moon-block
70	accessory	accessory-none
71	accessory	accessory-oldshirt
72	accessory	accessory-pizza-bling
73	accessory	accessory-pocket-pencil
74	accessory	accessory-rain
75	accessory	accessory-rainbow-steps
76	accessory	accessory-rgb
77	accessory	accessory-robot
78	accessory	accessory-safety-vest
79	accessory	accessory-scarf-clown
80	accessory	accessory-secret-x
81	accessory	accessory-shirt-black
82	accessory	accessory-shrimp
83	accessory	accessory-slimesplat
84	accessory	accessory-small-bling
85	accessory	accessory-snowflake
86	accessory	accessory-stains-blood
87	accessory	accessory-stains-zombie
88	accessory	accessory-stripes-and-checks
89	accessory	accessory-stripes-big-red
90	accessory	accessory-stripes-blit
91	accessory	accessory-stripes-blue-med
92	accessory	accessory-stripes-brown
93	accessory	accessory-stripes-olive
94	accessory	accessory-stripes-red-cold
95	accessory	accessory-sunset
96	accessory	accessory-taxi-checkers
97	accessory	accessory-tee-yo
98	accessory	accessory-text-yolo
99	accessory	accessory-think
100	accessory	accessory-tie-black-on-white
101	accessory	accessory-tie-dye
102	accessory	accessory-tie-purple-on-white
103	accessory	accessory-tie-red
104	accessory	accessory-txt-a2+b2
105	accessory	accessory-txt-cc
106	accessory	accessory-txt-cc2
107	accessory	accessory-txt-copy
108	accessory	accessory-txt-dao-black
109	accessory	accessory-txt-doom
110	accessory	accessory-txt-dope-text
111	accessory	accessory-txt-foo-black
112	accessory	accessory-txt-ico
113	accessory	accessory-txt-io
114	accessory	accessory-txt-lmao
115	accessory	accessory-txt-lol
116	accessory	accessory-txt-mint
117	accessory	accessory-txt-nil-grey-dark
118	accessory	accessory-txt-noun-f0f
119	accessory	accessory-txt-noun-green
120	accessory	accessory-txt-noun-multicolor
121	accessory	accessory-txt-noun
122	accessory	accessory-txt-pi
123	accessory	accessory-txt-pop
124	accessory	accessory-txt-rofl
125	accessory	accessory-txt-we
126	accessory	accessory-txt-yay
127	accessory	accessory-wall
128	accessory	accessory-wave
129	accessory	accessory-wet-money
130	accessory	accessory-woolweave-bicolor
131	accessory	accessory-woolweave-dirt
132	accessory	accessory-yingyang
133	accessory	body-bege
134	accessory	body-gray-scale-1
135	accessory	body-gray-scale-9
136	accessory	body-ice-cold
0	glasses	glasses-hip-rose
1	glasses	glasses-square-black-eyes-red
2	glasses	glasses-square-black-rgb
3	glasses	glasses-square-black
4	glasses	glasses-square-blue-med-saturated
5	glasses	glasses-square-blue
6	glasses	glasses-square-frog-green
7	glasses	glasses-square-fullblack
8	glasses	glasses-square-green-blue-multi
9	glasses	glasses-square-grey-light
10	glasses	glasses-square-guava
11	glasses	glasses-square-honey
12	glasses	glasses-square-magenta
13	glasses	glasses-square-orange
14	glasses	glasses-square-pink-purple-multi
15	glasses	glasses-square-red
16	glasses	glasses-square-smoke
17	glasses	glasses-square-teal
18	glasses	glasses-square-watermelon
19	glasses	glasses-square-yellow-orange-multi
20	glasses	glasses-square-yellow-saturated
0	body	body-bege-bsod
1	body	body-bege-crt
2	body	body-blue-sky
3	body	body-bluegrey
4	body	body-cold
5	body	body-computerblue
6	body	body-darkbrown
7	body	body-darkpink
8	body	body-foggrey
9	body	body-gold
10	body	body-grayscale-1
11	body	body-grayscale-7
12	body	body-grayscale-8
13	body	body-grayscale-9
14	body	body-green
15	body	body-gunk
16	body	body-hotbrown
17	body	body-magenta
18	body	body-orange-yellow
19	body	body-orange
20	body	body-peachy-B
21	body	body-peachy-a
22	body	body-purple
23	body	body-red
24	body	body-redpinkish
25	body	body-rust
26	body	body-slimegreen
27	body	body-teal-light
28	body	body-teal
29	body	body-yellow
0	head	head-aardvark
1	head	head-abstract
2	head	head-ape
3	head	head-bag
4	head	head-bagpipe
5	head	head-banana
6	head	head-bank
7	head	head-baseball-gameball
8	head	head-basketball
9	head	head-bat
10	head	head-bear
11	head	head-beer
12	head	head-beet
13	head	head-bell
14	head	head-bigfoot-yeti
15	head	head-bigfoot
16	head	head-blackhole
17	head	head-blueberry
18	head	head-bomb
19	head	head-bonsai
20	head	head-boombox
21	head	head-boot
22	head	head-box
23	head	head-boxingglove
24	head	head-brain
25	head	head-bubble-speech
26	head	head-bubblegum
27	head	head-burger-dollarmenu
28	head	head-cake
29	head	head-calculator
30	head	head-calendar
31	head	head-camcorder
32	head	head-cannedham
33	head	head-car
34	head	head-cash-register
35	head	head-cassettetape
36	head	head-cat
37	head	head-cd
38	head	head-chain
39	head	head-chainsaw
40	head	head-chameleon
41	head	head-chart-bars
42	head	head-cheese
43	head	head-chefhat
44	head	head-cherry
45	head	head-chicken
46	head	head-chilli
47	head	head-chipboard
48	head	head-chips
49	head	head-chocolate
50	head	head-cloud
51	head	head-clover
52	head	head-clutch
53	head	head-coffeebean
54	head	head-cone
55	head	head-console-handheld
56	head	head-cookie
57	head	head-cordlessphone
58	head	head-cottonball
59	head	head-cow
60	head	head-crab
61	head	head-crane
62	head	head-croc-hat
63	head	head-crown
64	head	head-crt-bsod
65	head	head-crystalball
66	head	head-diamond-blue
67	head	head-diamond-red
68	head	head-dictionary
69	head	head-dino
70	head	head-dna
71	head	head-dog
72	head	head-doughnut
73	head	head-drill
74	head	head-duck
75	head	head-ducky
76	head	head-earth
77	head	head-egg
78	head	head-faberge
79	head	head-factory-dark
80	head	head-fan
81	head	head-fence
82	head	head-film-35mm
83	head	head-film-strip
84	head	head-fir
85	head	head-firehydrant
86	head	head-flamingo
87	head	head-flower
88	head	head-fox
89	head	head-frog
90	head	head-garlic
91	head	head-gavel
92	head	head-ghost-B
93	head	head-glasses-big
94	head	head-gnome
95	head	head-goat
96	head	head-goldcoin
97	head	head-goldfish
98	head	head-grouper
99	head	head-hair
100	head	head-hardhat
101	head	head-heart
102	head	head-helicopter
103	head	head-highheel
104	head	head-hockeypuck
105	head	head-horse-deepfried
106	head	head-hotdog
107	head	head-house
108	head	head-icepop-b
109	head	head-igloo
110	head	head-island
111	head	head-jellyfish
112	head	head-jupiter
113	head	head-kangaroo
114	head	head-ketchup
115	head	head-laptop
116	head	head-lightning-bolt
117	head	head-lint
118	head	head-lips
119	head	head-lipstick2
120	head	head-lock
121	head	head-macaroni
122	head	head-mailbox
123	head	head-maze
124	head	head-microwave
125	head	head-milk
126	head	head-mirror
127	head	head-mixer
128	head	head-moon
129	head	head-moose
130	head	head-mosquito
131	head	head-mountain-snowcap
132	head	head-mouse
133	head	head-mug
134	head	head-mushroom
135	head	head-mustard
136	head	head-nigiri
137	head	head-noodles
138	head	head-onion
139	head	head-orangutan
140	head	head-orca
141	head	head-otter
142	head	head-outlet
143	head	head-owl
144	head	head-oyster
145	head	head-paintbrush
146	head	head-panda
147	head	head-paperclip
148	head	head-peanut
149	head	head-pencil-tip
150	head	head-peyote
151	head	head-piano
152	head	head-pickle
153	head	head-pie
154	head	head-piggybank
155	head	head-pill
156	head	head-pillow
157	head	head-pineapple
158	head	head-pipe
159	head	head-pirateship
160	head	head-pizza
161	head	head-plane
162	head	head-pop
163	head	head-porkbao
164	head	head-potato
165	head	head-pufferfish
166	head	head-pumpkin
167	head	head-pyramid
168	head	head-queencrown
169	head	head-rabbit
170	head	head-rainbow
171	head	head-rangefinder
172	head	head-raven
173	head	head-retainer
174	head	head-rgb
175	head	head-ring
176	head	head-road
177	head	head-robot
178	head	head-rock
179	head	head-rosebud
180	head	head-ruler-triangular
181	head	head-saguaro
182	head	head-sailboat
183	head	head-sandwich
184	head	head-saturn
185	head	head-saw
186	head	head-scorpion
187	head	head-shark
188	head	head-shower
189	head	head-skateboard
190	head	head-skeleton-hat
191	head	head-skilift
192	head	head-smile
193	head	head-snowglobe
194	head	head-snowmobile
195	head	head-spaghetti
196	head	head-sponge
197	head	head-squid
198	head	head-stapler
199	head	head-star-sparkles
200	head	head-steak
201	head	head-sunset
202	head	head-taco-classic
203	head	head-taxi
204	head	head-thumbsup
205	head	head-toaster
206	head	head-toiletpaper-full
207	head	head-tooth
208	head	head-toothbrush-fresh
209	head	head-tornado
210	head	head-trashcan
211	head	head-turing
212	head	head-ufo
213	head	head-undead
214	head	head-unicorn
215	head	head-vent
216	head	head-void
217	head	head-volcano
218	head	head-volleyball
219	head	head-wall
220	head	head-wallet
221	head	head-wallsafe
222	head	head-washingmachine
223	head	head-watch
224	head	head-watermelon
225	head	head-wave
226	head	head-weed
227	head	head-weight
228	head	head-werewolf
229	head	head-whale-alive
230	head	head-whale
231	head	head-wine
232	head	head-wizardhat
233	head	head-zebra
0	background	background-cool
1	background	background-warm